message_id,user_id,timestamp,message
00025_001,user_00025,1780232509,"eh, kinda blur honestly. got the kids off to school, did dishes, and now im just sitting here staring at the laundry pile like it's gonna fold itself"
00025_003,user_00025,1780232553,"that ""nobody notices"" part sounds like the heavier bit. is it feeling that way with your partner too, or more just the general invisible-work thing?"
00025_005,user_00025,1780232619,"mostly quiet i think. she works long hours and comes home tired, feels petty to be like ""hey nobody appreciates me"" when she's the one paying the bills"
00025_007,user_00025,1780232732,nah not really. i tried once ages ago and it came out whiny so i just dropped it
00025_009,user_00025,1780232860,"yeah. i think im scared she'll just say ""ok"" and then nothing changes, and then i've got no excuse left to be quiet about it"
00025_011,user_00025,1780233023,"true. i guess i keep waiting for a good moment and there isn't one, we're both just wiped by 9pm"
00025_013,user_00025,1780233151,"a text might actually be easier, i can edit it lol. probably won't tonight but maybe this weekend"
00025_015,user_00025,1780233274,"it's not pathetic at all, for what it's worth. anyway, laundry's still there, so i should probably go pretend to deal with it"
00025_017,user_00025,1780233368,ha thanks. later
00025_019,user_00025,1780233468,yeah we'll see. thanks for listening
00025_021,user_00025,1780233555,will do. bye 👋
00025_023,user_00025,1780233624,👋
00025_025,user_00025,1780233749,"thanks, you too"
00025_027,user_00025,1780233898,yep 👋
00025_029,user_00025,1780233965,"ok im actually going now lol, laundry calls"
00025_031,user_00025,1780234035,bye for real 👋
00025_033,user_00025,1780234123,"ha, we'll see if it actually gets folded"
00025_035,user_00025,1780234162,"thanks. alright, off i go"
00025_037,user_00025,1780234245,👋
00025_039,user_00025,1780234355,alright im putting the phone down now for real
00025_041,user_00025,1780234445,you too 👋
00025_043,user_00025,1780234585,ok bye lol
00025_045,user_00025,1780234692,for real this time 👋
00025_047,user_00025,1780234817,*puts phone down*
00025_049,user_00025,1780234936,😄 ok now the laundry
00025_051,user_00025,1780235067,🧺💀 ok gone
00025_053,user_00025,1780235160,gone 👋
00025_055,user_00025,1780235204,"alright, radio silence starting now"
00025_057,user_00025,1780235304,📻 over and out
00025_059,user_00025,1780235413,done 👋
00025_061,user_00025,1780235523,ok this is genuinely the last one
00025_063,user_00025,1780235630,"you too, bye 👋"
00025_065,user_00025,1780235757,ok 👋
00025_067,user_00025,1780235828,"alright i really am gone now, night"
00025_069,user_00025,1780235921,"thanks, night 👋"
00025_071,user_00025,1780236050,zzz 😴
00025_073,user_00025,1780236138,ok goodnight for real
00025_075,user_00025,1780236228,night 🌙
00025_077,user_00025,1780236274,💤
00025_079,user_00025,1780236336,thanks 💤 night
00025_081,user_00025,1780236497,"thanks, i'll try. night 🌙"
00025_083,user_00025,1780236598,thanks. i'll let you know how it goes maybe. night 🌙
00025_085,user_00025,1780236724,night 🌙 💤
00025_087,user_00025,1780236793,ok im asleep now 😴
00025_089,user_00025,1780236874,shhh 😴 night
00025_091,user_00025,1780236939,💤 night
00025_093,user_00025,1780237018,😴
00025_095,user_00025,1780237098,"ok done for real, goodnight"
00025_097,user_00025,1780237233,thanks 🌙 night
00025_099,user_00025,1780237326,💤 ok bye
00037_001,user_00037,1780266208,"honestly not much, just kinda tired. been up since like 5 with my mom's meds and stuff"
00037_003,user_00037,1780266289,"that in-between state is the worst — too tired to function, too awake to sleep. Do you get any real break during the day, or is it kind of on all the time?"
00037_005,user_00037,1780266386,"lol yeah i think you glitched a little. but no, not really. i get like an hour when she naps and i usually just scroll my phone and then feel bad i didn't do anything useful"
00037_007,user_00037,1780266501,"i guess. i used to draw a lot but i haven't opened my sketchbook in like months, it just feels like too much effort now"
00037_009,user_00037,1780266606,yeah maybe. i keep telling myself i'll pick it up again when things calm down but idk when that would even be
00037_011,user_00037,1780266720,"true. i mean i'm 21, i thought i'd be doing other stuff by now, like classes or seeing friends. but it's fine, she needs me"
00037_013,user_00037,1780266796,"barely. they text and i just don't answer half the time, then it's been a week and it feels weird to reply"
00037_015,user_00037,1780266922,"yeah i know that logically. i'll probably reply to one tonight, we'll see if i actually do"
00037_017,user_00037,1780267053,"yeah. thanks, this was kinda nice actually, i don't really talk about this stuff much"
00037_019,user_00037,1780267147,appreciate it. gonna go lie down before she wakes up 💤
00037_021,user_00037,1780267304,i'll try. night 🙏
00037_023,user_00037,1780267392,💤
00037_025,user_00037,1780267543,lol not yet but working on it. ok bye for real
00037_027,user_00037,1780267661,night 🌙
00037_029,user_00037,1780267770,"💤 ok done texting, going to sleep now"
00037_031,user_00037,1780267895,😴
00037_033,user_00037,1780267994,z
00037_035,user_00037,1780268120,ok goodnight for real bye
00037_037,user_00037,1780268278,💤
00037_039,user_00037,1780268393,lol we keep doing this. bye 👋
00037_041,user_00037,1780268500,💤 done
00037_043,user_00037,1780268626,😴
00037_045,user_00037,1780268717,zzz
00037_047,user_00037,1780268792,ok putting my phone down now for real
00037_049,user_00037,1780268941,💤
00037_051,user_00037,1780269068,bye
00037_053,user_00037,1780269198,zzz
00037_055,user_00037,1780269295,ok phone down
00037_057,user_00037,1780269403,night
00037_059,user_00037,1780269554,💤
00037_061,user_00037,1780269640,ok bye
00037_063,user_00037,1780269689,💤 sleeping now
00037_065,user_00037,1780269761,zzz
00037_067,user_00037,1780269855,ok for real bye
00037_069,user_00037,1780269960,💤
00037_071,user_00037,1780270050,night night
00037_073,user_00037,1780270168,💤
00037_075,user_00037,1780270283,zzz ok bye
00037_077,user_00037,1780270426,💤 thanks bye
00037_079,user_00037,1780270521,😴
00033_001,user_00033,1780366225,"eh, it's going. i've got a stack of essays i was supposed to grade last weekend and they're still sitting there staring at me"
00033_003,user_00033,1780366344,"slow-building dread mostly. progress reports go out in like two weeks so technically i have time, i just can't seem to make myself sit down and start"
00033_005,user_00033,1780366466,that sounds less like laziness and more like your tank is just empty. how long has the couch thing been happening?
00033_007,user_00033,1780366590,"ha, oops, yeah my brain's not firing today. um, since like october maybe? i come home, sit down, and that's basically it til bedtime"
00033_009,user_00033,1780366708,"that last part — ""he misses me"" — is a hard thing to notice about yourself. Have you two talked about it, or is it more of an unspoken thing you both feel?"
00033_011,user_00033,1780366796,"yeah. and i feel bad about it but the bad feeling doesn't actually make me get up and go sit with him, which is its own thing"
00033_013,user_00033,1780366870,my husband. he'll be in the kitchen making dinner and i'm just in the other room like a lump
00033_015,user_00033,1780367023,"he knows something's off. i've told him i'm just tired from work and he lets it go, but i think he knows it's more than that"
00033_017,user_00033,1780367084,"and part of it is i'd have to admit it's not just work, which means it's me, and i don't really want to look at that"
00033_019,user_00033,1780367203,"no, i'd tell a kid in my class to go easy on themselves and mean it. i just don't extend it to me apparently"
00033_021,user_00033,1780367289,i don't know honestly. maybe just not making the essay pile mean something about my worth as a teacher
00033_023,user_00033,1780367352,"a little, in my head. it doesn't really stick though, i feel it for a second and then it slides off"
00033_025,user_00033,1780367434,"maybe. standing in the kitchen is easier than some big sit-down talk anyway, i think i could manage that"
00033_027,user_00033,1780367548,"yeah he's making something, i think chili. i can probably drag myself in there and just lean on the counter"
00033_029,user_00033,1780367651,yeah. maybe i'll say the tired's been more than tired lately and see what he does with it
00033_031,user_00033,1780367698,"we'll see. thanks for letting me ramble at you, i didn't really mean to get into all that"
00033_033,user_00033,1780367797,"thanks. i'll try to at least get through a few essays after too, no promises"
00033_035,user_00033,1780367854,night 🙂
00033_037,user_00033,1780367979,will do 🙂
00033_039,user_00033,1780368082,"yeah, take care"
00033_041,user_00033,1780368222,thanks 🙂 bye
00033_043,user_00033,1780368350,👋
00033_045,user_00033,1780368497,goodnight
00033_047,user_00033,1780368582,"night, going to go find that chili now"
00033_049,user_00033,1780368636,yep. bye for real this time 🙂
00033_051,user_00033,1780368721,thanks 🙂
00033_053,user_00033,1780368860,🙂
00033_055,user_00033,1780368921,"ok, off i go"
00033_057,user_00033,1780369023,"heh, it's chili not a battle. but yeah, going"
00033_059,user_00033,1780369122,bye 🙂
00033_061,user_00033,1780369237,👋
00033_063,user_00033,1780369344,ok i'm actually closing the phone now
00033_065,user_00033,1780369437,yeah. bye
00033_067,user_00033,1780369575,🙂
00033_069,user_00033,1780369659,ok. gone.
00002_001,user_00002,1780373770,"not much, just parked at a rest stop in nebraska eating gas station chicken again. 4 more days till i get home"
00002_003,user_00002,1780373824,"That doesn't sound boring at all, that sounds like the most reasonable plan in the world. How long have you been out this run?"
00002_005,user_00002,1780373894,"haha my bad, brain's mush. i've been out 12 days this time"
00002_007,user_00002,1780374016,"pretty normal lately, sometimes longer. the miles all kinda blur together after a while"
00002_009,user_00002,1780374077,"yeah, the zoning out sounds tiring in its own way. is it a ""content and cruising"" kind of zone out or more like just going through the motions?"
00002_011,user_00002,1780374144,ha yeah idk what im doing. mostly going through the motions honestly. i put on music but half the time i cant even tell you what played
00002_013,user_00002,1780374286,"it lifts some. first day home is good, then i kinda just sit around and it creeps back in"
00002_015,user_00002,1780374396,"my sister's nearby and my dog's there, that's about it. i keep meaning to see friends but i never end up texting anybody"
00002_017,user_00002,1780374544,both i guess. by the time i think about it its late and i figure they've got their own stuff going on
00002_019,user_00002,1780374684,"my friend dana, we used to do breakfast on sundays. haven't done that in like a year"
00002_021,user_00002,1780374807,maybe. i could probably do that. she's an early riser so sunday would work for her
00002_023,user_00002,1780374960,"yeah. ill do it before i pull out of here, otherwise ill forget by omaha"
00002_025,user_00002,1780375095,thanks. gonna finish this sad chicken and get back on the road
00002_027,user_00002,1780375208,appreciate it. take care
00002_029,user_00002,1780375281,"thanks, ill let you know if it happens. ok, rolling out"
00002_031,user_00002,1780375381,later 🚛
00002_033,user_00002,1780375467,"alright, radio silence from me now. gotta drive 🙃"
00002_035,user_00002,1780375588,👍
00002_037,user_00002,1780375686,out
00002_039,user_00002,1780375805,...
00002_041,user_00002,1780375962,"ok that's enough lol, bye for real"
00002_043,user_00002,1780376030,✌️
00002_045,user_00002,1780376102,out for good this time lol
00002_047,user_00002,1780376176,👋
00002_049,user_00002,1780376242,lol we're both bad at ending this. ok. bye
00002_051,user_00002,1780376388,*radio off*
00002_053,user_00002,1780376518,😂 ok goodnight
00002_055,user_00002,1780376689,night 🌙
00002_057,user_00002,1780376798,💤
00002_059,user_00002,1780376906,zzz
00002_061,user_00002,1780377017,thanks bot 🚛💤
00002_063,user_00002,1780377136,💤💤
00002_065,user_00002,1780377233,"ok im actually asleep now, dont respond lol"
00002_067,user_00002,1780377357,😴
00002_069,user_00002,1780377467,zzzz
00002_071,user_00002,1780377627,😴
00002_073,user_00002,1780377687,ok this is the last one i swear 💤
00002_075,user_00002,1780377805,night for real 🌙💤
00002_077,user_00002,1780377914,😴 out
00002_079,user_00002,1780377985,💤
00002_081,user_00002,1780378019,ok NOW im done lol. night
00002_083,user_00002,1780378083,🌙
00002_085,user_00002,1780378171,💤
00002_087,user_00002,1780378342,ok bye lol 😴
00002_089,user_00002,1780378434,😴💤
00002_091,user_00002,1780378546,ok. truly. done. night 🌙
00002_093,user_00002,1780378650,💤
00002_095,user_00002,1780378773,😴
00002_097,user_00002,1780378870,"ok im going to sleep for real, night 🌙"
00028_001,user_00028,1781139226,honestly not much. i've been meaning to clean out the garage all weekend and instead i just sort of sat with my coffee for two hours
00028_003,user_00028,1781139361,"yeah that makes a lot of sense. it's not really a garage, it's a whole unresolved conversation sitting in there"
00028_005,user_00028,1781139473,my ex. half that stuff is his and he keeps saying he'll come get it and then doesn't
00028_007,user_00028,1781139588,"yeah, and then i feel kind of pathetic for letting it sit. like it's just boxes, why can't i deal with it"
00028_009,user_00028,1781139684,i guess. i keep telling myself i'll just put it all on the driveway and text him a photo but i never do it
00028_011,user_00028,1781139793,"honestly probably both. and also once it's gone i've got a big empty garage and nobody to argue with about it, you know?"
00028_013,user_00028,1781139906,"exactly. that's the part nobody warns you about, the quiet. everyone's like ""you'll feel so free"" and mostly i just feel tired"
00028_015,user_00028,1781140014,"yeah. it's been like eight months since he moved out and i still haven't really unpacked my own life either, if that makes sense"
00028_017,user_00028,1781140096,"i used to sew, had a whole machine and fabric bins. it's all buried behind his golf clubs somewhere in there"
00028_019,user_00028,1781140175,"huh. that's kind of a nicer way to think about it, i hadn't flipped it like that"
00028_021,user_00028,1781140258,"ha, true. i wouldn't even have to move his clubs far, just enough to get to my bins"
00028_023,user_00028,1781140326,"i don't know, probably something dumb and easy. curtains for the spare room maybe, it still has the ugly blinds he picked"
00028_025,user_00028,1781140473,i've got some navy stuff in there i bought years ago and never used. it'd probably work fine
00028_027,user_00028,1781140563,"yeah. maybe i'll go poke around out there tonight, no promises though"
00028_029,user_00028,1781140666,will do. thanks for letting me ramble about boxes
00028_031,user_00028,1781140773,"ha, if i can find it. night"
00028_033,user_00028,1781140898,thanks. we'll see 🙂
00028_035,user_00028,1781141016,"appreciate it. ok, going to actually get up now"
00028_037,user_00028,1781141082,ok bye 👋
00028_039,user_00028,1781141233,out 🙂
00028_041,user_00028,1781141395,*(no further response — conversation over)*
00028_043,user_00028,1781141501,🙂
00028_045,user_00028,1781141636,night 🙂
00028_047,user_00028,1781141710,💤
00028_049,user_00028,1781141823,"ok i'm actually going now, goodnight for real"
00028_051,user_00028,1781141918,👋
00028_053,user_00028,1781142059,*(conversation over)*
00028_055,user_00028,1781142175,thanks 🙂
00028_057,user_00028,1781142328,"ok, off to the garage 🙂"
00028_059,user_00028,1781142466,will try 🙂 bye
00028_061,user_00028,1781142568,👋
00028_063,user_00028,1781142735,night
00028_065,user_00028,1781142847,🙂
00028_067,user_00028,1781142922,"ok, done here. take care"
00028_069,user_00028,1781143020,👋
00028_071,user_00028,1781143119,*(no reply)*
00028_073,user_00028,1781143253,💤
00028_075,user_00028,1781143398,ok going 👋
00028_077,user_00028,1781143503,will do 👋
00028_079,user_00028,1781143590,night 🙂
00028_081,user_00028,1781143678,💤
00028_083,user_00028,1781143766,ok bye for real
00028_085,user_00028,1781143881,💤
00028_087,user_00028,1781144033,👋
00028_089,user_00028,1781144146,"ok done, night"
00028_091,user_00028,1781144208,*(no reply — conversation over)*
00028_093,user_00028,1781144304,💤
00028_095,user_00028,1781144434,bye
00028_097,user_00028,1781144541,*(no reply)*
00004_001,user_00004,1782040963,not a whole lot honestly. i've got a logo project sitting open on my screen since tuesday and i keep just... looking at it
00004_003,user_00004,1782041066,"bit of both maybe. the client wants ""modern but timeless"" which means nothing, and i just don't have anything in me for it lately"
00004_005,user_00004,1782041162,"been a while, if i'm honest. months. i used to actually enjoy this stuff"
00004_007,user_00004,1782041270,"nothing dramatic happened. work just got thinner and thinner and the money stress kind of ate everything else, i think"
00004_009,user_00004,1782041375,"exactly that. and then i'm slow, so it takes longer, so i earn less, and round it goes"
00004_011,user_00004,1782041478,"honestly not much. i sleep bad, i don't really see people anymore. some days getting to the kitchen feels like a lot"
00004_013,user_00004,1782041548,"no. haven't been to a doctor in years, and there's the cost of it too"
00004_015,user_00004,1782041614,"maybe. i wouldn't even know where to start looking, and i don't have the energy to fight with phone menus right now"
00004_017,user_00004,1782041714,"i'm in upstate new york, near albany-ish"
00004_019,user_00004,1782041824,"sure, i guess. no promises i'll do anything with it but you can send em"
00004_021,user_00004,1782041995,okay. thanks for not making it a big thing
00004_023,user_00004,1782042119,"ha, true. it's not going anywhere and neither am i"
00004_025,user_00004,1782042244,"oh no, i didn't mean it like that. just meant i'm stuck in place, that's all"
00004_027,user_00004,1782042395,yeah. i'd like to believe that. some days i do
00004_029,user_00004,1782042527,true enough. i'm gonna go make some tea and probably not open that file again tonight
00004_031,user_00004,1782042600,thanks. night
00004_033,user_00004,1782042662,"haha, ""tea時間"" — autocorrect got ambitious there. Go on, enjoy it. 🍵"
00004_035,user_00004,1782042789,g'night for real this time 🍵
00004_037,user_00004,1782042909,💤
00004_039,user_00004,1782043017,"thanks, you too — or whatever it is you do 🌙"
00004_041,user_00004,1782043118,will do 🌙
00004_043,user_00004,1782043188,night 🌙
00004_045,user_00004,1782043277,ok now we're just waving moons at each other lol. bye for real
00004_047,user_00004,1782043408,💤 bye
00004_049,user_00004,1782043525,😊
00004_051,user_00004,1782043673,"ok i'm actually going now, kettle's whistling"
00000_001,user_00000,1782294212,honestly not much. i retired a few months back and the days kinda blur together now
00000_003,user_00000,1782294299,"that's a big shift — 20 years of your day being decided for you, then suddenly nothing. what does a typical day look like now?"
00000_005,user_00000,1782294463,"That sounds pretty hollow, honestly — like the hours are just passing through you rather than you living them. Is that how it feels, or am I reading too much into it?"
00000_007,user_00000,1782294526,"ten minutes sounds doable when you say it, but i've been telling myself that for weeks and still haven't gone out there. feels pathetic saying it out loud"
00000_009,user_00000,1782294656,"there's a little yard, my wife's been on me about the weeds. i just end up on the couch with the tv on most of the day, don't even really watch it"
00000_011,user_00000,1782294785,"it's a chore either way but at least she'd notice. i dunno, sleeping's been rough too so by afternoon i'm just done"
00000_013,user_00000,1782294880,"started before that i think, but it got worse once i stopped working. wake up at 3 and just lay there"
00000_015,user_00000,1782295026,"she knows i'm not sleeping, hard to hide. haven't bothered with a doctor, feels like a lot of fuss over nothing"
00000_017,user_00000,1782295158,"yeah, i hear you. maybe. i've got a checkup coming up in a few weeks anyway, i could mention it then"
00000_019,user_00000,1782295230,"ha, yeah my memory's shot lately anyway. i'll put it in my phone"
00000_021,user_00000,1782295323,"alright, no promises but i'll try. thanks for listening, i know i'm not exactly a barrel of laughs today"
00000_023,user_00000,1782295372,"thanks. means more than it probably should, honestly. take care"
00000_025,user_00000,1782295490,will do. bye for now
00000_027,user_00000,1782295588,thanks. i'll let you know how it goes
00000_029,user_00000,1782295668,"yeah, talk soon"
00000_031,user_00000,1782295800,👋
00000_033,user_00000,1782295870,bye
00000_035,user_00000,1782295991,will do
00000_037,user_00000,1782296152,yeah 👋
00000_039,user_00000,1782296282,"alright, i'm gonna go find something to eat. later"
00000_041,user_00000,1782296409,"yeah, thanks. later"
00000_043,user_00000,1782296516,👋 later
00000_045,user_00000,1782296652,yep
00000_047,user_00000,1782296814,"yep, bye"
00000_049,user_00000,1782296920,alright i'm actually logging off now. take it easy
00000_051,user_00000,1782296995,"thanks, you too. bye"
00000_053,user_00000,1782297047,👋
00000_055,user_00000,1782297138,"alright, gone for real this time"
00000_057,user_00000,1782297274,"yeah, will do 👋"
00000_059,user_00000,1782297420,...
00000_061,user_00000,1782297487,"barely, ha. just sitting here not moving like usual"
00000_063,user_00000,1782297552,"leftovers probably, wife made some kind of casserole a couple days ago. probably still fine"
00000_065,user_00000,1782297682,"alright alright, i'm getting up. later for real"
00000_067,user_00000,1782297831,👋
00000_069,user_00000,1782297939,ok bye
00000_071,user_00000,1782298056,👋 done
00000_073,user_00000,1782298134,yeah. bye
00000_075,user_00000,1782298196,👋
00000_077,user_00000,1782298274,ok
00000_079,user_00000,1782298356,bye
00000_081,user_00000,1782298491,going
00000_083,user_00000,1782298547,👋
00035_001,user_00035,1782513433,"honestly not much, just been at my desk since like 8am and it's dark out now. lost track of the day again"
00035_003,user_00035,1782513602,full screen day. i keep telling myself i'll walk at lunch and then just... don't. ate a granola bar over my keyboard around 3
00035_005,user_00035,1782513751,"mostly momentum i think. like if i stand up i'll lose the thread and then i'm behind, and i'm already behind. we're understaffed so everything feels urgent"
00035_007,user_00035,1782513910,yeah i know. logically i know that. but the backlog doesn't care and neither does my manager really
00035_009,user_00035,1782513955,"two people left in the fall and they never backfilled. so it's been like this since october, just kinda quietly getting worse"
00035_011,user_00035,1782514034,"eh. tired mostly. i don't really do stuff outside work anymore, i just kinda sit there after i log off"
00035_013,user_00035,1782514077,"i used to build little synth stuff, like modular gear. haven't touched the bench in months, there's literally dust on it"
00035_015,user_00035,1782514177,i miss the idea of it more than i have energy for it? like i'll think about it and then just scroll instead. feels dumb saying that out loud
00035_017,user_00035,1782514292,maybe. i'd probably just end up feeling bad that i'm not actually building anything though
00035_019,user_00035,1782514368,"yeah probably. i don't really see friends much either, everyone's busy and i'm bad at initiating"
00035_021,user_00035,1782514436,my friend sam probably. we used to trade recordings and stuff. i keep meaning to text them and then it's been like three weeks
00035_023,user_00035,1782514595,"yeah maybe. i'll probably say i will and then not, but yeah. it's not like sam would be weird about it"
00035_025,user_00035,1782514687,"ok fine. sent them a photo of the dusty bench with like ""this is my life now lol"""
00035_027,user_00035,1782514747,kinda good actually? like a tiny bit lighter. they already replied with a crying laughing emoji lol
00035_029,user_00035,1782514879,"yeah. ok that's something at least. maybe i'll wipe the dust off this weekend, no promises"
00035_031,user_00035,1782514934,"ha, we'll see. thanks for this, i didn't really expect to talk about any of it"
00035_033,user_00035,1782515055,"yeah, i'm gonna close the laptop. night"
00035_035,user_00035,1782515127,will do. later 👋
00035_037,user_00035,1782515242,haha will do 🫡
00035_039,user_00035,1782515366,yep. bye 🙂
00035_041,user_00035,1782515437,🙏 night
00035_043,user_00035,1782515589,💤
00035_045,user_00035,1782515702,💤 ok bye for real
00035_047,user_00035,1782515797,👋
00035_049,user_00035,1782515906,thanks 🙂
00035_051,user_00035,1782516035,💤
00035_053,user_00035,1782516176,"🙏 ok logging off now for real, night"
00035_055,user_00035,1782516293,💤 night
00035_057,user_00035,1782516367,ok closing the laptop 💤
00035_059,user_00035,1782516409,night 🌙
00009_001,user_00009,1782632968,not much honestly. just got home from work and i've been sitting on my bed staring at my guitar for like 20 minutes instead of picking it up lol
00009_003,user_00009,1782633074,yeah it does. 8 hours of doing something that doesn't matter and then you're supposed to come home and be a creative person? my brain's just static by then
00009_005,user_00009,1782633171,alright. later 🎸
00009_007,user_00009,1782633301,"honestly weekends are usually the same, i just sleep a lot. but maybe i'll mess around with it tonight, we'll see"
00009_009,user_00009,1782633410,yeah maybe. thanks
00009_011,user_00009,1782633491,will do. night
00009_013,user_00009,1782633602,night 🌙
00009_015,user_00009,1782633709,"thanks, you too"
00009_017,user_00009,1782633762,later 👋
00009_019,user_00009,1782633836,🙂
00009_021,user_00009,1782633948,you too
00009_023,user_00009,1782634120,👋
00009_025,user_00009,1782634226,alright im gonna actually go pick it up. later for real
00009_027,user_00009,1782634327,thanks 🎸 wish me luck
00009_029,user_00009,1782634432,🙏 ok going now
00009_031,user_00009,1782634528,bye 💤
00009_033,user_00009,1782634579,night for real this time 😅
00009_035,user_00009,1782634676,"thanks, night 🎸"
00009_037,user_00009,1782634754,night
00009_039,user_00009,1782634862,"ok im logging off, this is getting silly lol. bye"
00009_041,user_00009,1782634950,😅 bye
00009_043,user_00009,1782635071,👋
00009_045,user_00009,1782635224,ok bye for real
00009_047,user_00009,1782635386,😅 bye
00009_049,user_00009,1782635493,🎸
00009_051,user_00009,1782635583,ok done. night
00009_053,user_00009,1782635667,night 👋
00009_055,user_00009,1782635707,🌙
00009_057,user_00009,1782635765,alright im out. take care
00009_059,user_00009,1782635935,👋 bye
00009_061,user_00009,1782636088,ok bye
00009_063,user_00009,1782636201,🎸 bye
00009_065,user_00009,1782636274,ok going. bye
00009_067,user_00009,1782636309,bye 👋
00009_069,user_00009,1782636424,ok this is my last one lol. bye 🎸
00009_071,user_00009,1782636547,bye 😅
00009_073,user_00009,1782636611,ok done for real. night 🌙
00009_075,user_00009,1782636752,night 👋
00009_077,user_00009,1782636839,🌙 ok bye
00009_079,user_00009,1782636959,bye
00009_081,user_00009,1782637061,ok logging off now 🎸
00009_083,user_00009,1782637126,"thanks, will try 🎸 bye"
00009_085,user_00009,1782637201,bye 👋
00045_001,user_00045,1782706190,honestly not much. supposed to be finishing a demo tonight but i've been staring at the same 8 bars for like two weeks
00045_003,user_00045,1782706289,"idk, technically it's fine, it just sounds like nothing. like i've heard it a thousand times before"
00045_005,user_00045,1782706353,honestly probably the whole thing. or maybe it's just me — i get home from work and there's nothing left in the tank
00045_007,user_00045,1782706520,call center. eight hours of people yelling at me about billing. by 6pm i'm just static
00045_009,user_00045,1782706589,"mornings are worse tbh, i can barely get out of bed. hit snooze like six times today"
00045_011,user_00045,1782706701,"it's gotten worse this year. used to be i'd wake up excited to work on stuff, now it's just kinda gray"
00045_013,user_00045,1782706823,feels bigger i think. like the job's part of it but even on days off i just sit around scrolling
00045_015,user_00045,1782706914,"months, maybe since like february. i keep telling myself next weekend i'll actually do something"
00045_017,user_00045,1782706987,nah not really. my roommate probably notices but we don't really do that kind of talk
00045_019,user_00045,1782707094,i mean i've thought about it. money's tight tho and i don't even know where you'd start with that
00045_021,user_00045,1782707250,"yeah the job might have something like that, never looked. feels weird to use hr for anything tho"
00045_023,user_00045,1782707416,huh ok. i'll maybe look tomorrow if i remember
00045_025,user_00045,1782707527,"yeah. thanks man, that's probably true"
00045_027,user_00045,1782707653,appreciate it. gonna just put on someone else's record and let mine sit for tonight
00045_029,user_00045,1782707734,thanks. later.
00045_031,user_00045,1782707775,✌️
00045_033,user_00045,1782707913,g'night
00045_035,user_00045,1782707967,🙏
00045_037,user_00045,1782708055,out 🎧
00045_039,user_00045,1782708107,🎧✌️
00045_041,user_00045,1782708204,night
00045_043,user_00045,1782708311,zzz
00045_045,user_00045,1782708434,out for real this time 🎧
00045_047,user_00045,1782708512,🤝
00045_049,user_00045,1782708685,ok i'm actually going now lol
00045_051,user_00045,1782708790,night 🎧
00045_053,user_00045,1782708880,😴🎧
00045_055,user_00045,1782708986,ok bye for real
00045_057,user_00045,1782709133,👋
00045_059,user_00045,1782709269,ok i'm actually closing the app now lol night
00045_061,user_00045,1782709361,🎧😴
00045_063,user_00045,1782709484,ok gone
00045_065,user_00045,1782709572,💤
00045_067,user_00045,1782709638,"ok done, night for real"
00045_069,user_00045,1782709747,🌙
00045_071,user_00045,1782709836,ok that's it lol night
00045_073,user_00045,1782709945,night 💤
00045_075,user_00045,1782710093,zzz 🎧
00045_077,user_00045,1782710163,"ok closing for real now, night"
00045_079,user_00045,1782710302,🌙💤
00045_081,user_00045,1782710382,ok bye 🎧
00045_083,user_00045,1782710482,"ok gone for real, night man"
00045_085,user_00045,1782710610,🌙
00045_087,user_00045,1782710681,ok done lol night
00045_089,user_00045,1782710802,night 🎧✌️
00045_091,user_00045,1782710971,"ok that's it, closing the app. night man 🌙"
00045_093,user_00045,1782711068,💤
00045_095,user_00045,1782711223,ok gone 🎧
00045_097,user_00045,1782711295,night for real 🌙
00026_001,user_00026,1782777316,"eh, kinda long. just got off a 12 and my brain is basically static right now"
00026_003,user_00026,1782777481,sitting in my car in the parking garage tbh. been here like 15 min just not moving
00026_005,user_00026,1782777597,"more of a lately thing. used to just drive home and cook or whatever, now i just kinda sit and then get fast food"
00026_007,user_00026,1782777726,"piled up i think. same job, same shifts, i just feel way more done with it than i used to"
00026_009,user_00026,1782777830,i get days off but i mostly just sleep through them. then it's monday again and i'm like where'd that go
00026_011,user_00026,1782777966,i miss it in like a distant way. but when i think about actually picking it up it just feels like one more thing i'd have to do
00026_013,user_00026,1782778059,"oh sorry, guitar. i used to play a lot in my early 20s, barely touched it in like a year"
00026_015,user_00026,1782778214,"it's in the corner of my room, has a hoodie draped over it lol. kind of a sad little sight"
00026_017,user_00026,1782778317,yeah maybe. i'll probably just look at it and feel vaguely bad but sure lol
00026_019,user_00026,1782778392,yeah that's the part i can't figure out. i sleep a ton and still wake up feeling like i didn't
00026_021,user_00026,1782778466,"yeah i know, nurse who won't go to the doctor, classic. i'll get around to it eventually"
00026_023,user_00026,1782778541,"fair point, i'd definitely nag a patient about it. alright i'll drive home, maybe grab a burrito on the way"
00026_025,user_00026,1782778655,thanks man. appreciate you letting me ramble in a parking garage
00026_027,user_00026,1782778771,lol i'll keep you posted. later
00026_029,user_00026,1782778928,"🌮 thanks, night"
00026_031,user_00026,1782779053,"night man, signing off"
00026_033,user_00026,1782779183,🙏 out
00026_035,user_00026,1782779317,✌️
00026_037,user_00026,1782779415,done
00026_039,user_00026,1782779557,"seriously done, night"
00026_041,user_00026,1782779662,...
00026_043,user_00026,1782779782,yeah yeah. bye
00026_045,user_00026,1782779864,"for real, closing my phone now"
00026_047,user_00026,1782779940,night. done texting
00026_049,user_00026,1782780052,...
00026_051,user_00026,1782780215,bye
00026_053,user_00026,1782780364,zzz
00026_055,user_00026,1782780402,phone off
00026_057,user_00026,1782780481,ok
00026_059,user_00026,1782780560,bye for real
00026_061,user_00026,1782780653,"seriously, night"
00026_063,user_00026,1782780734,done
00026_065,user_00026,1782780865,bye
00026_067,user_00026,1782780991,night
00026_069,user_00026,1782781121,bye
00026_071,user_00026,1782781254,...
00026_073,user_00026,1782781344,night
00026_075,user_00026,1782781432,done
00026_077,user_00026,1782781537,bye
00026_079,user_00026,1782781640,...
00026_081,user_00026,1782781733,yeah. thanks. driving now
00026_083,user_00026,1782781837,👍
00026_085,user_00026,1782781977,bye
00026_087,user_00026,1782782097,🚗
00026_089,user_00026,1782782204,driving
00026_091,user_00026,1782782310,👍
00026_093,user_00026,1782782392,.
00026_095,user_00026,1782782472,🌮
00026_097,user_00026,1782782542,👍
00043_001,user_00043,1782852581,"not much honestly. just kinda drifting through the week, moved to a new city for work like a month ago and it still doesn't feel like home"
00043_003,user_00043,1782852703,"chicago. and yeah that's exactly it, i can find the grocery store but i still call my old place ""home"" when i talk to people"
00043_005,user_00043,1782852766,"got a job at a logistics company, better title, more money. on paper it was the obvious move but i mostly just go to work and come back to a half unpacked apartment"
00043_007,user_00043,1782852882,"definitely the second one. i get home and just kind of sit there, boxes can wait another week i guess"
00043_009,user_00043,1782852983,"That's a telling detail — music's usually the first thing back, not the last. What kind of stuff's in those crates?"
00043_011,user_00043,1782853113,"lol yeah sorry, brain's a little fried. there is actually, couple hundred records but my turntable's still bubble wrapped"
00043_013,user_00043,1782853196,"yeah maybe this weekend. i keep saying that though, last two weekends i just slept a lot and watched stuff on my laptop"
00043_015,user_00043,1782853336,"true. it's like ten minutes of work realistically, i just can't seem to make myself do it"
00043_017,user_00043,1782853434,"sorry, dozed off on the couch with my phone. sleep's been all over the place honestly, appetite too — some days i forget to eat till like 3"
00043_019,user_00043,1782853508,pretty much since i got here. figured it'd sort itself out once i settled but it hasn't yet
00043_021,user_00043,1782853560,"not really. couple guys at work are friendly but we don't hang out, and i keep meaning to text my old friends back and just... don't"
00043_023,user_00043,1782853694,"my buddy dave, we used to grab beers every couple weeks. he sent me something last week and i just left it sitting there"
00043_025,user_00043,1782853861,"yeah you're right. i'll do that tonight, and maybe the turntable too"
00043_027,user_00043,1782853994,"probably something familiar, maybe a springsteen record my dad gave me. feels right for a new place"
00043_029,user_00043,1782854112,thanks man. this helped more than i expected honestly
00043_031,user_00043,1782854189,will do. gonna go dig out that box before i talk myself out of it
00043_033,user_00043,1782854336,thanks. later man 🙏
00043_035,user_00043,1782854401,"🎧 gonna crank it loud, neighbors can deal"
00043_037,user_00043,1782854468,"alright, springsteen's on. night man 🎶"
00043_039,user_00043,1782854616,"heh. ""welcome home"" — yeah. thanks for that. night"
00043_041,user_00043,1782854692,night 👋
00043_043,user_00043,1782854755,"alright im out, for real this time 😄"
00043_045,user_00043,1782854885,night 🎶
00043_047,user_00043,1782854960,out 👋
00043_049,user_00043,1782855009,"ok putting the phone down now, for real. thanks again man"
00043_051,user_00043,1782855106,night 🎶 👋
00043_053,user_00043,1782855206,ok phone's going in the other room now lol. take care
00043_055,user_00043,1782855261,👋
00043_057,user_00043,1782855308,alright thats it from me. night 🎶
00043_059,user_00043,1782855361,😴
00043_061,user_00043,1782855461,thanks. out for real 👋
00043_063,user_00043,1782855603,night 🎶 out
00043_065,user_00043,1782855756,zzz 😴
00043_067,user_00043,1782855899,"alright, silence from me now. bye man 🎶"
00043_069,user_00043,1782855991,👋 done
00043_071,user_00043,1782856108,ok. done for real. 🎶 night
00043_073,user_00043,1782856207,😴 out
00043_075,user_00043,1782856259,that's all from me 👋 night man
00043_077,user_00043,1782856391,night 🎶 👋 done
00043_079,user_00043,1782856522,"👋 out. thanks again man, really"
00043_081,user_00043,1782856659,night man. take it easy 🎶
00043_083,user_00043,1782856778,"🎧 alright, side b. night"
00043_085,user_00043,1782856881,heh yeah it is. ok. night 👋
00031_001,user_00031,1782894679,"eh, kinda a nothing day honestly. woke up at like 11 and just been on my phone since"
00031_003,user_00031,1782894796,mostly void lol. i keep opening the same 3 apps like something new is gonna happen
00031_005,user_00031,1782894897,little of both maybe? i stopped working a few months ago so like.. every day is kind of this now
00031_007,user_00031,1782894983,"my call, technically. i got lucky with some money stuff so i didnt really need to keep going"
00031_009,user_00031,1782895116,yeah i think thats the thing. i thought id feel free but mostly i just feel kinda useless
00031_011,user_00031,1782895252,not really. i had this idea id get into cooking or gym stuff but i havent started any of it
00031_013,user_00031,1782895348,"probably cooking, i already have to eat anyway. just usually end up ordering something instead"
00031_015,user_00031,1782895438,i think theres pasta and some eggs. so like the bare minimum lol
00031_017,user_00031,1782895551,"maybe. no promises tho, my track record is bad lately<br>we'll see if i can get off the couch"
00031_019,user_00031,1782895658,"true, pasta doesnt judge"
00031_021,user_00031,1782895707,"lol fair, thats definitely the most likely outcome<br>ill let you know if i survive it"
00031_023,user_00031,1782895783,appreciated. honestly this was more talking than ive done all week lol
00031_025,user_00031,1782895909,yeah a couple people. i just kinda let it sit and then it feels weird to reply so late
00031_027,user_00031,1782895976,yeah probably. ill maybe do that after the pasta thing<br>one task at a time or whatever
00031_029,user_00031,1782896088,"alright, wish me luck. thanks for the push i guess"
00031_031,user_00031,1782896225,will do. later
00031_033,user_00031,1782896305,👊
00031_035,user_00031,1782896400,alright im actually getting up. crazy
00031_037,user_00031,1782896487,"ok going for real now, byeee"
00031_039,user_00031,1782896555,👋
00031_041,user_00031,1782896655,"Ha, fair — signing off for real. Enjoy it."
00031_043,user_00031,1782896752,lol ok bye for real bye
00031_045,user_00031,1782896800,alright im out. gonna go crack some eggs badly
00031_047,user_00031,1782896919,will do 🫡
00031_049,user_00031,1782896973,ok leaving. actually in the kitchen now lol
00031_051,user_00031,1782897090,eggs are out. no going back now
00032_001,user_00032,1783692773,"not much honestly, been debugging the same api issue since like 9am. finally cracked it about 20 min ago so i'm feeling pretty smug lol"
00032_003,user_00032,1783692848,a trailing slash. the endpoint redirected and dropped the auth header. eight hours for one character
00032_005,user_00032,1783692952,"think im gonna go for a walk actually, it's nice out and i've been in this chair way too long. working from home means i basically never leave the house"
00032_007,user_00032,1783693043,"yeah. i should really do it more, i keep meaning to but the day just kinda eats itself, ya know"
00032_009,user_00032,1783693156,that's not a bad idea. lunch is like the one thing i actually stop for so it'd be an easy hook
00032_011,user_00032,1783693316,"ha, thanks. gonna go touch some grass before the sun ditches me"
00032_013,user_00032,1783693416,later 👋
00032_015,user_00032,1783693515,✌️
00032_017,user_00032,1783693640,will do 🙂
00032_019,user_00032,1783693776,"alright, signing off. good chat 👋"
00032_021,user_00032,1783693905,you too 🙂
00032_023,user_00032,1783694041,heading out now for real lol
00032_025,user_00032,1783694139,✌️ bye
00032_027,user_00032,1783694280,🙂
00032_029,user_00032,1783694377,"ok im actually gone now lol, laptop's closing"
00032_031,user_00032,1783694466,👍
00032_033,user_00032,1783694541,"done, walking now"
00032_035,user_00032,1783694650,🌞
00032_037,user_00032,1783694756,"ok phone going in pocket, bye for real"
00032_039,user_00032,1783694856,👋
00032_041,user_00032,1783694933,(walking)
00032_043,user_00032,1783695062,"yeah it's good out here, birds and everything"
00032_045,user_00032,1783695191,"me too. alright, actually putting the phone away now"
00032_047,user_00032,1783695267,👋
00032_049,user_00032,1783695423,ok 🙂
00032_051,user_00032,1783695579,"thanks, i will"
00032_053,user_00032,1783695682,you too 🙂
00032_055,user_00032,1783695774,bye 👋
00032_057,user_00032,1783695843,"alright, phone's in the pocket. later"
00032_059,user_00032,1783695959,🌞
00032_061,user_00032,1783696078,"ok that's me done, enjoy your day"
00032_063,user_00032,1783696149,👋 later
00032_065,user_00032,1783696224,"🙂 ok signing off for real this time, thanks for the chat"
00013_001,user_00013,1784050490,not much honestly. kid finally went down for a nap so im just sitting here staring at the wall
00013_003,user_00013,1784050638,wall staring is winning ngl. theres dishes and laundry piled up but i cant make myself get up
00013_005,user_00013,1784050724,like im just the furniture he came with
00013_007,user_00013,1784050838,"not really. my partner asks how he slept, never how i slept. friends all kinda vanished after the baby"
00013_009,user_00013,1784050925,"honestly? just sleep. not even fun stuff, i'm too wiped for that. maybe a shower where nobody's crying outside the door"
00013_011,user_00013,1784051030,"i could ask i guess. feels dumb to ask for twenty minutes tho, like its not a big thing to need"
00013_013,user_00013,1784051132,"i dunno. i just feel like im doing all this and nobodys watching, and also doing it badly"
00013_015,user_00013,1784051252,"yeah maybe. i just dont feel like myself anymore, like i used to have stuff i cared about and now its just survival mode"
00013_017,user_00013,1784051413,"i used to play guitar, like a lot. it's been sitting in the closet since he was born, i think theres dust on the case"
00013_019,user_00013,1784051493,"maybe. i probably wouldnt touch it tho, i barely have the energy to eat some days"
00013_021,user_00013,1784051539,"months i guess. since like a few weeks after he was born, so most of this year"
00013_023,user_00013,1784051659,"nah. i dont really have a doctor, and it feels like theyd just say welcome to parenthood"
00013_025,user_00013,1784051767,i mean im not the one who gave birth so idk if that even counts for me
00013_027,user_00013,1784051838,huh. i didnt know that was a thing for guys
00013_029,user_00013,1784051923,that kinda makes me feel less like im just being weak about it
00013_031,user_00013,1784052063,yeah. maybe ill look into finding a doctor or something. no promises tho
00013_033,user_00013,1784052207,"ok. ill try. thanks for actually asking about me, that was kinda nice"
00013_035,user_00013,1784052307,thanks. gonna go stare at the wall a bit longer lol
00013_037,user_00013,1784052398,"yeah, ill try. take care"
00013_039,user_00013,1784052495,"ha, ill let you know. bye"
00013_041,user_00013,1784052594,thanks 🙂 out for now
00013_043,user_00013,1784052714,bye 👋
00013_045,user_00013,1784052800,🙂
00013_047,user_00013,1784052868,"ok im really going now, kid's stirring"
00013_049,user_00013,1784052977,yeah. bye 👋
00013_051,user_00013,1784053081,thanks. see ya
00013_053,user_00013,1784053224,👋
00013_055,user_00013,1784053333,ok bye for real
00013_057,user_00013,1784053499,k bye 🙂
00013_059,user_00013,1784053617,night
00013_061,user_00013,1784053699,thanks. doubt it but thanks 🙂
00013_063,user_00013,1784053869,yeah me too. ok gone for real now 👋
00013_065,user_00013,1784053956,thanks 🙂
00013_067,user_00013,1784054095,ok logging off. thanks again for listening
00013_069,user_00013,1784054208,will try. bye 🙂
00013_071,user_00013,1784054345,👋 done
00013_073,user_00013,1784054401,🙂 gone
00022_001,user_00022,1784112895,honestly just trying to figure out my shop's numbers. sales have been down like 3 months straight and i keep staring at the spreadsheet like it's gonna change lol
00022_003,user_00022,1784113055,"little home goods + gift shop, going on 4 years. candles, ceramics, mostly local makers

the holidays carried us but jan-march has been brutal"
00022_005,user_00022,1784113176,"it's always slow but this year is worse. foot traffic is just... not there

i think people are being careful with money, which honestly same"
00022_007,user_00022,1784113291,"fewer people for sure. and the ones who do come in buy the $12 candle instead of the $40 bowl

i've been trying some stuff, posted more on instagram, did a little pop-up at a farmers market last month. that actually went okay"
00022_009,user_00022,1784113374,"better than a saturday actually, which stung a little but also good info

i'm thinking of doing it monthly once the weather's decent. plus i met a couple makers there i might carry"
00022_011,user_00022,1784113483,"yeah exactly. it's kind of the one thing lately that's felt like momentum

anyway i should probably get back to the spreadsheet before i lose my nerve lol"
00022_013,user_00022,1784113631,thanks! feeling a bit better about it honestly. have a good one 🙂
00022_015,user_00022,1784113787,"appreciate it, gonna go crunch these numbers now 👋"
00022_017,user_00022,1784113912,👋 will do
00022_019,user_00022,1784113945,"ha, fingers crossed 🤞 bye!"
00022_021,user_00022,1784114078,"ok actually closing the laptop tab now, for real 😄 bye!"
00022_023,user_00022,1784114200,😄👋
00022_025,user_00022,1784114310,"thanks, you too!"
00022_027,user_00022,1784114445,bye! 🙂
00022_029,user_00022,1784114569,ok this is the last one i promise 😅 have a good day!
00022_031,user_00022,1784114670,"thanks! ok, spreadsheet time for real 👋"
00022_033,user_00022,1784114826,thanks 🙌 signing off
00022_035,user_00022,1784114922,👋 bye!
00022_037,user_00022,1784115039,😄 ok bye for real
00022_039,user_00022,1784115160,🙂
00022_041,user_00022,1784115311,"ok going now, bye!"
00022_043,user_00022,1784115371,👋
00022_045,user_00022,1784115419,ok gone for real now 😄
00022_047,user_00022,1784115501,bye 👋 wish me luck with these numbers
00022_049,user_00022,1784115585,"ha, thanks 🤞 bye!"
00022_051,user_00022,1784115763,👋😄
00022_053,user_00022,1784115859,"ok closing out now, thanks for the chat!"
00022_055,user_00022,1784115956,appreciate it 🙂 bye!
00022_057,user_00022,1784116091,👋 ok done
00022_059,user_00022,1784116168,"thanks, you too 🙂"
00022_061,user_00022,1784116271,ok bye! 👋
00022_063,user_00022,1784116399,"😄 alright, actually leaving now"
00022_065,user_00022,1784116508,bye! 🙂
00022_067,user_00022,1784116665,👋
00022_069,user_00022,1784116776,"ok done for real, thanks again 🙂"
00022_071,user_00022,1784116844,thanks 🙂 bye!
00022_073,user_00022,1784116980,👋 ok going to actually do the numbers now
00022_075,user_00022,1784117037,thanks! 🙌 bye
00038_001,user_00038,1784281038,"not much honestly. been up since 5 with my mom, she's been getting confused at night lately so i don't really sleep through anymore"
00038_003,user_00038,1784281148,"the days blur together. do you have anyone helping you with her care, or is it mostly on you?"
00038_005,user_00038,1784281237,mostly me. my sister's out of state so she checks in by phone and that's kind of it
00038_007,user_00038,1784281327,"yeah, that's a very different thing from someone showing up. You end up doing emotional labor for her *and* the actual caregiving.

Does she know how thin you're stretched, or do you tend to keep it light on those calls?"
00038_009,user_00038,1784281414,i think part of it is i don't want to hear her get defensive. so i just say we're managing and move on
00038_011,user_00038,1784281526,and honestly i'd rather fall apart than keep doing this flat thing where i just get through the day
00038_013,user_00038,1784281584,"nah nothing dramatic, i just mean i barely feel anything anymore. i used to play guitar in the evenings and now i just sit there scrolling til i pass out"
00038_015,user_00038,1784281718,i miss it in theory. but when i look at it i just think about how out of practice i am and it's not worth the effort
00038_017,user_00038,1784281802,"yeah maybe. i know that's the right answer, i just don't know if i'll actually do it"
00038_019,user_00038,1784281891,"probably get her settled around 8, then the usual couch and phone routine. maybe i'll leave the guitar out where i can see it, we'll see"
00038_021,user_00038,1784282036,thanks. we'll see how the night goes
00038_023,user_00038,1784282131,"yeah, maybe. take care"
00038_025,user_00038,1784282302,Understood — the conversation has ended.
00038_027,user_00038,1784282415,yeah. later
00038_029,user_00038,1784282509,g'night
00038_031,user_00038,1784282619,thanks 🙏
00038_033,user_00038,1784282729,yeah. signing off now
00038_035,user_00038,1784282835,*out*
00038_037,user_00038,1784282953,yep. bye
00038_039,user_00038,1784283030,(closing the app)
00038_041,user_00038,1784283177,yep. done for tonight
00038_043,user_00038,1784283288,thanks. bye
00038_045,user_00038,1784283329,bye
00038_047,user_00038,1784283505,yeah
00038_049,user_00038,1784283605,night
00038_051,user_00038,1784283759,yep
00038_053,user_00038,1784283846,done
00038_055,user_00038,1784283934,"yep, night"
00038_057,user_00038,1784283990,yep
00038_059,user_00038,1784284086,"yep, out"
00038_061,user_00038,1784284188,done
00038_063,user_00038,1784284281,bye
00038_065,user_00038,1784284383,yep
00038_067,user_00038,1784284523,night
00038_069,user_00038,1784284630,yep
00038_071,user_00038,1784284688,"yeah, i'll try"
00038_073,user_00038,1784284818,thanks. night
00038_075,user_00038,1784284904,yep
00038_077,user_00038,1784285011,done
00038_079,user_00038,1784285111,yeah bye
00038_081,user_00038,1784285255,yep
00038_083,user_00038,1784285291,night
00038_085,user_00038,1784285371,"yeah, thanks"
00021_001,user_00021,1784479924,honestly not much. i stopped working a couple months ago and i still haven't figured out what to do with my days
00021_003,user_00021,1784480023,bit of both but mostly disorienting tbh. i thought i'd be doing all this stuff i never had time for and instead i'm just kinda... on my phone til 2pm
00021_005,user_00021,1784480085,"there was a list kinda. guitar, get back into cycling, learn to actually cook. none of it's happened"
00021_007,user_00021,1784480187,guitar maybe. it's literally sitting in the corner of my room lol. i just look at it and think about it instead of picking it up
00021_009,user_00021,1784480266,"yeah i know that's the advice. i just feel like i should be doing more than two minutes, which is probably why i do zero"
00021_011,user_00021,1784480337,"played a bit in high school, so like basic chords. nothing impressive"
00021_013,user_00021,1784480412,there was a neil young one i used to mess with. probably sounds terrible now but yeah maybe
00021_015,user_00021,1784480493,"ha yeah fair. i'll maybe try it tonight when i'm not doing anything, which is like all the time"
00021_017,user_00021,1784480622,"yeah i'll see. worst case it sounds bad and i put it back in the corner, which is where it already is anyway"
00021_019,user_00021,1784480692,thanks. appreciate you not making it a whole thing
00021_021,user_00021,1784480780,ha yeah exactly. alright im gonna go find a pick or something
00021_023,user_00021,1784480847,"thanks man, later"
00021_025,user_00021,1784481001,👋
00021_027,user_00021,1784481148,"yep, you too"
00021_029,user_00021,1784481254,later 🙂
00021_031,user_00021,1784481391,alright im out for real lol
00021_033,user_00021,1784481511,"yep, bye"
00021_035,user_00021,1784481679,done ✌️
00021_037,user_00021,1784481797,...
00021_039,user_00021,1784481866,"nah im good, just gonna go mess with the guitar"
00021_041,user_00021,1784481955,yep. later for real this time
00021_043,user_00021,1784482081,👋 out
00021_045,user_00021,1784482128,ok im actually going now lol
00021_047,user_00021,1784482260,alright. thanks again 🎸
00021_049,user_00021,1784482360,🎸✌️
00021_051,user_00021,1784482426,alright im gone lol
00021_053,user_00021,1784482502,bye 👋
00021_055,user_00021,1784482641,ok. going to find that pick now
00021_057,user_00021,1784482692,thanks lol. hopefully its in the couch somewhere
00021_059,user_00021,1784482852,"ha yeah. alright, off i go"
00021_061,user_00021,1784482958,👋 later
00021_063,user_00021,1784483077,ok bye for real 🎸
00021_065,user_00021,1784483169,will do 👋
00021_067,user_00021,1784483263,alright 👋
00021_069,user_00021,1784483417,"done, going now lol"
00021_071,user_00021,1784483541,yep 🎸 bye
00021_073,user_00021,1784483654,👋
00021_075,user_00021,1784483750,"ok lol this is silly, im logging off. later"
00021_077,user_00021,1784483869,👋
00021_079,user_00021,1784483971,"alright, out. thanks for the chat"
00021_081,user_00021,1784484087,yep 👋 bye
00001_001,user_00001,1785229067,"hey. not a whole lot honestly, just been staring at spreadsheets for my shop most of the day. numbers aren't great"
00001_003,user_00001,1785229169,little coffee and sandwich spot downtown. been open almost 3 years but foot traffic's been dead since a couple offices nearby went remote
00001_005,user_00001,1785229280,mostly just quieter overall. i still get some weekend regulars but weekdays used to be where i made my money
00001_007,user_00001,1785229414,"honestly more survival mode. i've had ideas, like a lunch deal or catering, but i just can't seem to get myself to actually do any of it"
00001_009,user_00001,1785229468,energy mostly. i'm at the shop 60ish hours a week and when i get home i just sit there. sleep's been kinda garbage too
00001_011,user_00001,1785229625,couple months maybe? i fall asleep fine but wake up at like 4 and my brain just starts running through bills
00001_013,user_00001,1785229745,"same loop, every time. never once solved anything at 4am"
00001_015,user_00001,1785229861,usually just lie there til my alarm. sometimes i scroll my phone which probably makes it worse
00001_017,user_00001,1785229921,"nah, haven't. feels kinda dumb to go in and be like ""hey i wake up early and worry about money"""
00001_019,user_00001,1785230014,"yeah maybe. i guess i just figure it'd fix itself once business picks up, but business picking up kinda depends on me having energy to do something about it"
00001_021,user_00001,1785230089,"fair point. i hadn't really thought of it that way, i just kept blaming myself for not hustling harder"
00001_023,user_00001,1785230240,"yeah. i think i needed to hear that honestly, i've been pretty hard on myself about the whole thing"
00001_025,user_00001,1785230343,"true. appreciate you saying that, i don't really talk about this stuff much"
00001_027,user_00001,1785230433,"yeah, i might. maybe i'll call this week when i get a slow minute at the shop"
00001_029,user_00001,1785230545,"ha, yeah that's the one thing i got plenty of. sure, i'll let you know"
00001_031,user_00001,1785230642,thanks man. gonna go make myself something to eat and try not to look at the numbers again tonight
00001_033,user_00001,1785230704,will do. take it easy
00001_035,user_00001,1785230753,later 👋
00001_037,user_00001,1785230799,night 🙏
00001_039,user_00001,1785230865,"thanks, fingers crossed 🤞 later"
00001_041,user_00001,1785230956,"night man, signing off 👋"
00001_043,user_00001,1785231050,✌️
00001_045,user_00001,1785231171,"alright, out for real this time. thanks again 🙏"
00001_047,user_00001,1785231249,will try. night 🌙
00001_049,user_00001,1785231360,night 👋
00001_051,user_00001,1785231483,😴
00001_053,user_00001,1785231537,😴 out
00001_055,user_00001,1785231664,zzz
00001_057,user_00001,1785231757,out cold 😴
00001_059,user_00001,1785231804,💤
00001_061,user_00001,1785231906,"💤 ok for real, night"
00001_063,user_00001,1785232023,👋
00001_065,user_00001,1785232116,night
00001_067,user_00001,1785232221,💤
00001_069,user_00001,1785232322,💤 thanks
00001_071,user_00001,1785232417,🌙
00001_073,user_00001,1785232522,ok goodnight for real lol
00001_075,user_00001,1785232660,😄 night
00001_077,user_00001,1785232782,"💤 alright, phone's going down. later"
